,borough,RMSE,MAPE,MASE
Naive (W-1),Brooklyn,1149.4464411044744,6.42760606041212,1.0
Ridge Regression,Brooklyn,894.5406905524169,6.419509738533654,0.832608744359393
Decision Tree,Brooklyn,970.5065346460053,6.869836847349624,0.9251883946292235
Random Forest,Brooklyn,893.9017437548456,5.894715238035148,0.8074025695533484
XGBoost,Brooklyn,803.2311195440794,4.9242080389595415,0.6766738616279129
Neural Network,Brooklyn,976.9021003912115,6.692205338252605,0.9523574413527484
