,borough,RMSE,MAPE,MASE
Naive (W-1),EWR,1149.08675227213,6.4246147944488765,1.0
Ridge Regression,EWR,894.5880261606475,6.421097059852688,0.8330760538041575
Decision Tree,EWR,969.0126942225087,6.353955846235715,0.8799735913479809
Random Forest,EWR,894.3128515623501,5.886845048799889,0.8055849970308426
XGBoost,EWR,804.4935947237068,5.014002345758473,0.6728595778144892
Neural Network,EWR,941.1862430090387,7.130148979622039,0.9435585328307152
