,borough,RMSE,MAPE,MASE,MAE
Naive (W-1),Manhattan,3077.809491526243,6.735278037107291,1.0,1747.494623655914
Ridge Regression,Manhattan,2331.4605847044418,7.60424016348449,0.8771286454045605,1577.9086815139437
Decision Tree,Manhattan,2596.3468980745356,7.371968305916543,0.98899189823887,1735.4074129928642
Random Forest,Manhattan,2437.9806816324763,6.819283989552669,0.91071778157811,1615.4366996320646
XGBoost,Manhattan,2065.867440717824,5.309845592600299,0.6781064037995975,1274.206791703419
Neural Network,Manhattan,2546.8508769705554,8.640415965533368,0.9588033156120671,1772.2227594152027
Prophet,Manhattan,2474.315164194665,7.047561455864751,0.8804321592047738,1603.2077901372904
Prophet + GARCH,Manhattan,2448.7837389133288,7.027765062042916,0.8288386866534004,1557.2773992513387
