,borough,RMSE,MAPE,MASE
Naive (W-1),Manhattan,3077.809491526243,6.735278037107291,1.0
Ridge Regression,Manhattan,2331.457613544275,7.604786953140056,0.8770184221480095
Decision Tree,Manhattan,2622.1327448944494,7.379690103201643,1.005509815336039
Random Forest,Manhattan,2437.9806816324763,6.819283989552669,0.9107177815781102
XGBoost,Manhattan,2058.0274804004207,5.349214831177314,0.6809053060377136
Neural Network,Manhattan,2410.5348586919067,7.773840758921226,0.8785409781648159
