,borough,RMSE,MAPE,MASE
Naive (W-1),Queens,3391.432993984721,6.21040049740114,1.0
Ridge Regression,Queens,2589.1677596977183,6.60474526529352,0.8581278681822893
Decision Tree,Queens,2813.515352512175,6.579866598721266,0.976233424776913
Random Forest,Queens,2659.582415480215,6.173091737461781,0.9084436530979693
XGBoost,Queens,2296.141634190096,4.717476956993305,0.6848806516315241
Neural Network,Queens,2748.0113137034027,7.755507277908956,0.9818927845464888
