,borough,RMSE,MAPE,MASE,MAE
Naive (W-1),Queens,3391.432993984721,6.21040049740114,1.0,1982.258064516129
Ridge Regression,Queens,2589.170214843886,6.6046391923001115,0.85822448552786,1761.6577751297054
Decision Tree,Queens,2783.788182400744,6.522698458145635,0.9565530371507006,1895.8022527598378
Random Forest,Queens,2659.582415480215,6.173091737461779,0.9084436530979693,1805.8078284721266
XGBoost,Queens,2299.7677931275493,4.821889026077811,0.6863689131771952,1441.8646483062416
Neural Network,Queens,2568.9113254146982,6.844427085416817,0.811469098772347,1741.871709736957
Prophet,Queens,3265.7075095933737,10.550333501515157,1.109746445329808,2388.633881863125
Prophet + GARCH,Queens,2701.6917578557336,6.654704564212914,0.836888294240407,1774.6115350266537
